Miner_ID,X_Position,Y_Position,Speed,Direction
Miner_1,33.00515940925433,26.796902352227278,1,3.192388907300021
Miner_2,89.77300217628982,83.67698046562765,3,6.088370385288194
Miner_3,58.13448208231054,21.525258805393847,3,5.90105809056304
Miner_4,43.33351136543848,16.050431837755113,4,3.895301805632313
Miner_5,81.62357666739007,85.01941144435904,1,0.8554297572241635
Miner_6,61.11851565406516,16.412297030241476,3,4.975283084434469
Miner_7,96.7627260464908,54.642836524563194,1,5.937022360519749
Miner_8,5.343177067608097,93.70395757555713,4,3.3490808788832145
Miner_9,53.14123419050546,50.624404293395685,4,5.39888020050867
Miner_10,50.60011212094267,100.0,4,1.7849218385297734
Miner_11,36.08297917335264,42.58515040398862,1,5.260112116334486
Miner_12,47.24694324313708,9.065024060805854,2,2.059104085142414
Miner_13,53.50887562606897,54.079637575669864,1,5.782427309812406
Miner_14,92.18848379496899,53.94108752720064,4,5.681318744481395
Miner_15,95.23156987488244,100.0,1,2.33520115746833
Miner_16,69.97770717310499,88.5968150971525,2,0.07467125976565511
Miner_17,39.51967599246376,57.35170962810352,3,0.8935625695904665
Miner_18,0.0,22.882547445322885,4,2.696923517630953
Miner_19,79.94039538641317,31.68795653840479,1,0.17284853805761696
Miner_20,63.53837928582831,60.85069354725647,2,1.377293611411661
Miner_21,55.13737616297603,58.189432215775696,3,3.2930517130443198
Miner_22,99.115508152188,42.96106642935873,4,1.5010204617722134
Miner_23,78.82264107045239,60.83420136676901,1,0.7874417557993766
Miner_24,72.03414365597251,90.73833102760017,2,3.0491697520335848
Miner_25,56.32404317982497,93.42286923300298,1,3.5468798333759857
Miner_26,44.501279031500815,57.38779179156347,4,4.93300416563907
Miner_27,81.25104139440947,78.27377612900119,4,0.47193543446783687
Miner_28,100.0,51.457259890005304,4,0.9992744428007074
Miner_29,72.85649880268039,40.74294809082104,4,1.3913028862347279
Miner_30,11.195941651685146,86.57006631253194,1,2.0386981108983337
Miner_31,24.117816071356145,58.28541283749379,2,4.9803098009007085
Miner_32,27.212275773321025,61.26833853377804,4,5.251376407683558
Miner_33,73.99189892728435,36.55913707595636,3,6.246438460668295
Miner_34,95.47428499852526,45.93193283136492,4,1.4785226270410503
Miner_35,52.608652060804985,26.52847945231923,2,5.9691069254513875
Miner_36,48.64563083430605,39.310718929930914,4,1.2762017388232987
Miner_37,13.517244445022385,76.10861390397775,1,0.8901298593233866
Miner_38,48.79923040179739,38.95969827677405,2,5.207243695635476
Miner_39,54.46938391281071,63.847072127259594,4,2.8987714613945723
Miner_40,20.362743207630743,58.99177185393313,2,1.5254378741089305
Miner_41,86.65812871120897,20.17756604633584,2,2.733133453399888
Miner_42,71.54105714747192,35.84399581550365,4,0.9318922199003543
Miner_43,94.83497217806365,69.12444022230085,3,5.6730683562157385
Miner_44,39.639164836372515,50.98296575610331,3,1.517507373125903
Miner_45,54.89108229411528,69.01004445075489,2,5.220336909584776
Miner_46,57.52083285034348,52.280966339391796,4,5.849806536616966
Miner_47,46.83054217400169,89.35241383395334,4,2.2595702719551025
Miner_48,26.83928355617303,42.48345208176235,3,1.0625946713365055
Miner_49,42.72651033461088,24.77037395351394,4,3.6104325036172518
Miner_50,29.396688229148594,63.11246516514791,1,0.5563807426098781
Miner_51,33.21532543637167,30.71927596908168,4,5.180227184275376
Miner_52,87.80511748816025,33.205992864037626,2,0.5535955144676288
Miner_53,38.00187684258057,42.1998659378894,3,3.553121689169263
Miner_54,49.49710449114323,37.09375465805451,3,4.837473615391849
Miner_55,28.00104329235033,78.09135234175272,1,3.118752582377782
Miner_56,8.342185358649843,85.69083363772137,3,3.906445074665475
Miner_57,12.907548928856635,63.85502126791755,1,0.21541752010443935
Miner_58,50.66922404362626,9.20192740986682,3,6.0478462440845
Miner_59,95.6203758803473,10.564867263941956,2,5.97388566018303
Miner_60,6.0890565512469585,45.172641526786606,2,0.8813214842043995
Miner_61,62.03896195660923,6.18402809939827,4,3.651960493130191
Miner_62,12.694533043912884,17.98491863760692,4,1.5273743677282448
Miner_63,90.67610442301134,15.571970211605093,4,1.3389688172894387
Miner_64,61.26252164803475,55.55358247825504,2,4.078621504224929
Miner_65,53.47950798729303,12.495839866137395,3,0.2956063868215561
Miner_66,54.58852279646419,50.54912649012064,3,5.016079177379002
Miner_67,85.43187716685895,63.02338308197209,1,4.820569153186784
Miner_68,60.77081400821609,50.996716437461686,2,1.5994484959247086
Miner_69,91.0712999166081,56.1134539144048,2,5.246309953209482
Miner_70,61.93961632286852,50.70713176819575,2,5.37788837828924
Miner_71,37.02074575787671,38.73211422684494,2,5.564380402696993
Miner_72,37.69725348706365,21.969128969527162,3,3.484159523268353
Miner_73,81.41163000685412,61.78924763180888,4,1.7332835081227327
Miner_74,1.5289170452366525,77.97216324560452,1,1.688841024511319
Miner_75,71.6408259142292,22.02570742023768,2,4.792578132087599
Miner_76,11.484297047310278,42.326552295679534,3,5.187036267731773
Miner_77,84.39682245287759,20.488310910423692,2,2.8253067325507994
Miner_78,82.84997239888372,25.19328353309409,1,5.505433859009049
Miner_79,22.892101492051438,46.54106247782744,2,5.082278779537901
Miner_80,55.10936598391686,4.764820967994684,1,2.378437139050986
Miner_81,98.38847811648998,75.79139091083869,1,5.352294341353299
Miner_82,39.27779032762072,58.05958264857202,3,4.117780905376452
Miner_83,21.79978493956264,11.240916041234147,3,1.9283865623036722
Miner_84,6.32251499116375,7.027493476869437,2,5.440303814170515
Miner_85,66.89754586837682,22.4656869813671,4,2.42859329299968
Miner_86,70.79210391968485,93.57088579868389,4,0.1613799334225524
Miner_87,11.897818586528729,63.445708851821955,3,3.530874685876476
Miner_88,41.08480641567334,66.05252111023833,2,4.597738774188168
Miner_89,86.15653272487037,100.0,3,0.8234276938385809
Miner_90,51.37527165488757,77.00564712317316,3,2.1556299872781475
Miner_91,93.13863514384269,0.0,4,5.0393480614280595
Miner_92,75.98143320690207,63.83989409636635,4,1.187651008793168
Miner_93,67.22512136527888,6.313489385665623,3,2.9475871589468965
Miner_94,65.21609032995394,12.379275762727666,4,3.306129312104354
Miner_95,26.4855071339326,42.375784895443104,2,5.30760591060059
Miner_96,0.0,81.52423490788965,2,1.9174074248565425
Miner_97,20.483604774029857,17.941582547813653,4,3.9951920750186667
Miner_98,26.15230338629907,100.0,3,2.399873185581609
Miner_99,25.453087067518823,24.48641379912236,4,3.702670544272077
Miner_100,100.0,48.76766136816252,4,0.43673019905581245
Miner_101,38.03535238646981,44.52842082989963,4,5.934168882279686
Miner_102,91.70634839494204,37.054549547998704,1,5.455506876573559
Miner_103,41.99857563237822,34.89326241453364,1,6.256497742995932
Miner_104,21.600776145634512,86.90325179629417,2,2.3116295434479794
Miner_105,15.10600320088004,69.28160276570367,4,3.963432578373089
Miner_106,15.01782867732745,46.91699222851523,3,0.7204851759079673
Miner_107,96.94329434474446,81.7100205865824,2,5.3784729870955985
Miner_108,57.62936653484624,96.59840074618808,3,2.342772771479589
Miner_109,93.28527088824251,80.96499526947332,3,4.308612318690177
Miner_110,71.97995005606538,38.79473454887767,4,5.028893780598488
Miner_111,0.0,27.875026148750834,3,2.8127807127151607
Miner_112,29.857816906081055,13.457611491736202,1,5.195407214555677
Miner_113,87.29958154317796,73.16876821948188,2,2.867061136480138
Miner_114,39.32504179134369,24.998323354670998,4,5.334577691168399
Miner_115,22.706365563827333,51.010792206729064,1,4.638914279935102
Miner_116,99.76750571944638,34.717676100499375,4,0.17068228189687992
Miner_117,6.800469505076023,43.205238325561766,2,4.939392249554269
Miner_118,9.099021508896662,59.1279304450411,4,4.3346592936151715
Miner_119,71.6480816660441,40.64057921414138,1,0.42261282877148276
Miner_120,73.48022867356634,33.95493878734894,4,6.027595266096687
Miner_121,33.806479678553416,11.344916829967666,1,2.1512221596377015
Miner_122,0.0,89.40327129824237,2,3.916417719041134
Miner_123,31.698491398645345,19.93854157855651,1,1.3952736071797207
Miner_124,0.0,45.5145464143807,4,4.0368033350974155
Miner_125,78.65818138864034,54.013543317556355,4,4.753536927824145
Miner_126,57.44869052672058,15.918391583928212,2,0.373416861209779
Miner_127,0.0,56.305130712113304,4,3.8736876800917397
Miner_128,4.641938949765404,46.82281671180627,3,4.153978945675675
Miner_129,67.19355381532671,39.14658530890648,3,2.9617425375001654
Miner_130,100.0,26.519903275872252,1,1.0758112925985162
Miner_131,35.259991351394746,100.0,3,1.7163100277145902
Miner_132,20.810384199610823,38.81900697138201,1,1.8727687412558762
Miner_133,0.0,100.0,3,2.8853819781698142
Miner_134,49.68681609616124,21.08637516732186,2,3.8029684046809336
Miner_135,4.453484301079143,48.84992605184854,1,2.6608006735034566
Miner_136,98.00430572053199,60.78594354428324,3,0.41023913109315163
Miner_137,72.8735258011996,58.00210327816896,1,6.031048078083759
Miner_138,60.53685371604888,68.13166764432253,1,5.797196291241429
Miner_139,72.72921697912415,46.04042108905384,4,2.18881803901272
Miner_140,78.79165080239113,78.57630918717763,1,1.1063669416599053
Miner_141,12.434911674239405,15.648955995044062,4,1.1568975053815693
Miner_142,14.94090342670995,46.36181935648915,4,3.6392704134010407
Miner_143,71.6837133127458,84.03391118558613,1,5.447848982221631
Miner_144,93.57077856022107,49.22775486004892,2,2.013797301608298
Miner_145,72.75647590888423,32.15524478844779,4,5.44967297742671
Miner_146,92.37761571292543,84.30343521292139,1,3.579605999125414
Miner_147,62.63261530530715,28.224203732293304,1,2.2041436402083487
Miner_148,81.78353918908357,30.51430808224366,3,1.0679042125157043
Miner_149,6.863305788854036,23.530767174622923,3,3.5232252066965044
Miner_150,92.01418588438855,0.0,4,5.310868140757423
Miner_151,72.09900107952605,54.435730798053044,4,5.79075728211441
Miner_152,12.047781618941528,90.69483673911179,4,2.7776864968095274
Miner_153,21.552372884915926,37.78100649152964,2,4.266839935254402
Miner_154,69.24413530148996,61.75252351372853,3,5.259643424888349
Miner_155,18.070980592948775,29.12410206806183,3,5.14868097008628
Miner_156,13.626914935661162,75.85004717523054,1,3.7090482948203274
Miner_157,88.68777231112796,54.145441131893534,4,0.19787890461069663
Miner_158,62.622818487592106,79.59202129351246,3,2.3435345965147527
Miner_159,49.38347494402424,90.99062371513844,3,3.395079975022916
Miner_160,38.17976540563271,19.659080986338182,2,5.121147763860212
Miner_161,35.987286126960214,80.45084401523013,2,0.05638537492373133
Miner_162,47.31991795965794,31.876333344643168,3,5.747645255455962
Miner_163,27.106682319800207,74.59655709507899,3,3.008150552105762
Miner_164,22.961576510207703,18.61929989979255,4,5.656709134938753
Miner_165,13.082366345514526,90.14502284403369,2,2.9979715612473057
Miner_166,86.88327715395104,63.72823913450883,3,4.362216061967601
Miner_167,51.68933028051734,44.880495073999526,3,1.429549611429164
Miner_168,46.2942494485016,59.66396891095275,2,1.279931136723979
Miner_169,54.89308186692077,67.30355615225682,2,0.16367432717049923
Miner_170,93.99443334626432,58.94924776012695,3,0.8416908682862911
Miner_171,1.665441033460724,0.0,3,3.4761779184185237
Miner_172,29.99227035301968,62.92848072501357,3,2.4198327881841606
Miner_173,32.143317758476314,10.939612173736169,4,2.7612638895936823
Miner_174,80.79376045091448,93.95197160671944,2,3.8244387859626094
Miner_175,62.520602520054325,53.69969836284045,1,1.180837179235397
Miner_176,44.293978537802985,94.78492001813845,1,1.2413759409601979
Miner_177,80.10332555903796,81.29846547130654,4,2.1604126298429573
Miner_178,60.917007102731986,38.213559030194546,4,5.913145483254207
Miner_179,17.723695037265493,100.0,4,0.6514079462955348
Miner_180,12.667781737448273,17.019573755091827,1,5.44249070530792
Miner_181,73.28717062070132,42.65868798176904,4,1.3638747091182875
Miner_182,36.335107255186855,42.99445160574919,4,0.9478332342845737
Miner_183,68.96949033486811,60.61074915867883,1,2.4304666317077936
Miner_184,72.31386305508903,82.55318847000689,1,2.7428096595281035
Miner_185,12.626820840909367,91.74592098466826,2,4.277127633220286
Miner_186,40.027971084056844,23.895848144035796,3,1.1384552790888482
Miner_187,21.733443908577996,74.70413539652526,1,4.109967897079455
Miner_188,45.28418352815618,51.98989219432363,1,1.4996905410378187
Miner_189,24.42957617733967,73.3173512273458,4,3.3738404486737674
Miner_190,80.17069804538448,39.37791836190672,2,2.2188837699852226
Miner_191,12.131304757799377,52.77868742730911,2,1.8065613417042206
Miner_192,89.50117223605594,78.4238921122863,3,0.2893448211864942
Miner_193,56.428053122972244,20.80033205484203,1,2.6747343548554823
Miner_194,53.94226197508823,86.82425388864687,3,6.185049019705058
Miner_195,0.0,80.13107843393078,3,4.10722730227564
Miner_196,30.28133046304397,30.242026230724804,2,5.277093588314584
Miner_197,57.656381817712,13.232415869522612,1,4.369823569077732
Miner_198,98.66557091993838,0.0,2,4.670573160177619
Miner_199,57.23763433722928,50.024241210001435,3,4.6488156945700165
Miner_200,15.68125225884178,63.02413834949936,2,3.985104734780607
Miner_201,0.0,34.11207431298931,3,3.2995761539474944
Miner_202,38.754000893667865,73.67824771769938,2,1.8553716587230662
Miner_203,31.71005655514756,17.404149106818693,3,3.8269989131408204
Miner_204,97.58001156553507,59.28063396246601,3,4.929081797100275
Miner_205,69.64165628948149,29.0036065068918,1,0.8494262659725209
Miner_206,0.7086932645404749,54.058395042057526,2,3.807408104801388
Miner_207,0.14742048880711422,13.393387569389544,4,4.049005552270131
Miner_208,60.458666927261135,95.0367994620056,1,4.57663916296222
Miner_209,57.178336230395615,80.1810529336542,1,2.841861629561767
Miner_210,66.75095281751038,63.003877470867906,2,4.681253052050297
Miner_211,3.0311430848213203,33.50182855678153,1,3.2664597451138078
Miner_212,67.66744370701787,43.212254179362134,1,2.55555577344828
Miner_213,34.27941519991228,28.391573197511832,3,2.6756135094923024
Miner_214,0.0,7.3009919520665285,3,2.94864841261566
Miner_215,22.779741255581513,49.30902866311439,1,0.33339944184516745
Miner_216,52.93647869904362,56.00613411612321,2,0.12610069486181535
Miner_217,80.91498077517087,35.820320382559544,1,0.20654554158701377
Miner_218,52.86469396274725,67.64818157762096,3,2.2075753752334855
Miner_219,64.99048501305265,19.077298968650695,2,4.187416289369627
Miner_220,81.17485163945986,100.0,2,1.5489381313333042
Miner_221,98.21647496081181,48.79862772218388,2,1.0156597521945394
Miner_222,79.7536467040606,21.389743929919845,2,2.7040465795609787
Miner_223,66.97892057450525,85.87836492723551,1,1.3235549637752193
Miner_224,100.0,17.944046700783204,1,6.01603041906732
Miner_225,99.47278825114341,71.14409259803318,1,0.9043494440065687
Miner_226,100.0,58.31713754050875,3,6.226249345621212
Miner_227,18.976940617401993,77.26980797165328,3,4.0871945366826825
Miner_228,38.15519520181087,62.811954064383,1,2.3620017669938207
Miner_229,49.38829067638849,27.2486470443515,1,5.066836913905174
Miner_230,92.69168607508715,93.2667547848061,1,2.185943203712866
Miner_231,84.49844144156083,51.071340764126944,4,2.2867634920592406
Miner_232,64.4424917215826,8.832314063862952,1,5.369235939245782
Miner_233,41.73163760128304,36.9181463948708,4,0.1834107288740387
Miner_234,29.311067828105408,100.0,1,1.4929507704756682
Miner_235,41.613847730586514,39.98428933911618,3,1.519620013582144
Miner_236,51.291209748305164,30.46740244345004,2,2.2001208026410097
Miner_237,34.11016974003101,57.87437837945649,4,3.0241743822006115
Miner_238,51.59852886093094,100.0,4,1.9824134965788491
Miner_239,100.0,28.0093109556648,3,0.43062913233831335
Miner_240,28.64227336472348,95.45010315519909,4,0.4149360929741097
Miner_241,71.51597699050836,75.06897129161774,4,4.619504037344432
Miner_242,87.08659459487973,4.560982399950959,3,3.261800073849589
Miner_243,60.44902534665144,45.162637325312346,1,0.9118851375686295
Miner_244,48.66152661181599,94.76941493989762,1,1.9119965280873954
Miner_245,26.658993038931897,88.61609713230604,1,0.41591192828374707
Miner_246,56.70205809148888,0.0,4,5.629550207390633
Miner_247,69.62497452012826,70.01761931886881,1,4.6184947071283995
Miner_248,71.19810033688952,82.88605892016523,3,2.173443103234867
Miner_249,55.54112813513487,36.026407593671024,1,4.597417893491422
Miner_250,93.83660188764145,47.44656595582359,1,5.189427652617483
Miner_251,0.0,69.54242417235167,4,2.7878602694061594
Miner_252,28.134660703240854,86.46165582366586,2,2.9578535793782694
Miner_253,18.891123126658144,35.734846666411755,4,3.4769134150116567
Miner_254,39.003699061584825,82.29793253427499,3,3.1167623909958184
Miner_255,38.72410664203787,62.969006552687404,3,5.117015594992301
Miner_256,96.16181751653522,57.1813619972487,1,3.923535801401601
Miner_257,62.972362420255024,93.3355924141722,2,6.200038587960594
Miner_258,42.00655910896566,48.25572982507538,2,4.965916105543003
Miner_259,28.857430184698444,87.5425912986077,1,1.0878872591685667
Miner_260,39.98870702319931,83.30036025549396,1,0.07516080963539815
Miner_261,22.41301893211312,61.592740837281326,4,1.7969043472263089
Miner_262,66.44141919941734,48.40599376859703,4,4.29003216568499
Miner_263,11.138682095272436,76.16549832626117,1,5.0010516945303385
Miner_264,7.140671083226588,66.7971839670825,1,2.367180490014147
Miner_265,69.08402188220265,83.302076178579,4,3.9615551432142095
Miner_266,60.240722114077755,100.0,2,1.7925182669688822
Miner_267,7.232603642191471,71.02456252030754,3,4.648395615764167
Miner_268,85.5503796996631,22.725850220241874,3,1.3566312624163661
Miner_269,97.96189400042675,44.244294233850184,2,4.960152872738008
Miner_270,97.94156386892917,47.1828154396548,3,0.09872826366304899
Miner_271,95.8047934838745,20.115932737894823,3,5.315328503640405
Miner_272,13.506970685357217,75.67338959634111,2,2.5177310462616673
Miner_273,39.744943850947266,4.8378237565342985,3,3.4958010587516566
Miner_274,80.92522435805358,63.73464183237448,2,2.6558895875949715
Miner_275,93.19417821875805,68.67676348013629,3,5.914628304603478
Miner_276,10.750569721579659,39.66736139411071,1,3.7642054228214668
Miner_277,79.93518445090041,16.562175111274357,4,4.032057201238227
Miner_278,83.12592017994302,86.21797462485671,1,3.91071701812148
Miner_279,60.02794147499773,54.528034880571965,1,3.259859440942318
Miner_280,46.60244285838195,53.5648721845684,2,1.23946169533184
Miner_281,93.65349428159197,93.05374288420956,1,4.876498186396842
Miner_282,30.64899436124859,16.183414055267445,3,1.941835196436382
Miner_283,43.02370093149193,4.102182376689951,3,5.1443381571172315
Miner_284,75.90480471600301,61.23047243035191,2,0.1544220515370551
Miner_285,55.31860289357556,17.26578370947287,2,5.282618612132336
Miner_286,81.91619382622582,43.45242478372231,1,3.8320551388779447
Miner_287,74.9077500037589,51.998936100788995,1,1.5938608707539372
Miner_288,52.34055494890262,76.98547642406498,1,1.4855543964374274
Miner_289,82.01920039390245,25.08291765311023,2,5.238761318360879
Miner_290,58.13401845201744,9.807554959944625,4,5.952672825697104
Miner_291,78.65650941314254,93.12403158007385,3,0.6356109949429483
Miner_292,54.226331757644886,60.41980536061753,3,5.3586358111685035
Miner_293,7.2680017581284915,6.078324862957726,1,3.9605275578708192
Miner_294,74.51725395573527,84.0111531686623,3,4.755506835877043
Miner_295,47.31073335949881,54.008405028227656,3,0.34057991366996615
Miner_296,52.05216300682471,43.643881258709,1,2.9799189437849374
Miner_297,50.124868652629374,37.0006496917712,3,4.722794889233185
Miner_298,89.79323423391929,61.23846616711248,3,1.9289693812972886
Miner_299,83.15783127110438,28.089660905743543,1,4.500259439694923
Miner_300,21.178670067650657,43.57134636077504,3,1.302707339531599
Miner_301,57.996434776082594,11.168846322191904,1,0.04222412616559753
Miner_302,76.38297786618739,16.30750382708281,2,5.292207627986709
Miner_303,9.248065139397177,13.023258763274605,2,3.3912713738810916
Miner_304,85.81488897374538,0.0,3,5.035910563400121
Miner_305,41.15312686172919,7.145535495725497,4,4.847368915700592
Miner_306,11.342608464854976,50.50451413161349,2,2.192196230004357
Miner_307,68.81928980423783,44.3979303762907,4,0.15043744236248743
Miner_308,20.41204762855763,28.465640355292464,2,3.46394113791255
Miner_309,33.936909849546566,66.18021066637914,4,4.184231049211653
Miner_310,45.10254678649531,31.899921356865065,1,2.914669795541409
Miner_311,54.31146457089383,91.76049925013422,3,1.1122756754872503
Miner_312,18.861147096697835,61.99879490118633,2,1.5881538112782525
Miner_313,42.90388022385284,32.59320063930312,1,4.160813231489109
Miner_314,23.735275207354093,17.06815941708588,1,4.8972590328558425
Miner_315,80.2037883453612,10.185436641033135,1,5.018074605852967
Miner_316,85.40996275783993,92.628373319773,2,1.264797928317646
Miner_317,12.001187284896815,44.1378228888959,2,3.124363940161404
Miner_318,59.237455332754905,53.642333757145906,1,3.4878892213340187
Miner_319,54.02210467926866,57.840750331401324,4,3.089021545907647
Miner_320,42.82931483820235,48.94275915573729,3,1.6685088382591768
Miner_321,51.95128215603725,81.7815988666045,3,0.9529591680467854
Miner_322,6.0087231185968335,29.129279437881326,1,4.967322192254029
Miner_323,18.893691065564937,79.84135393457677,4,0.11534018616652804
Miner_324,21.55865285603724,60.980470348697594,2,1.5009078397884223
Miner_325,73.30865694692528,66.04083245309317,1,3.974353651626261
Miner_326,41.71493827313972,88.01017045328007,1,4.641063087027606
Miner_327,74.87818605332996,52.203044804390885,3,3.8488432489376745
Miner_328,34.27846539702958,84.46634927588684,1,2.766254331961567
Miner_329,42.844935479974254,8.00100191705036,3,4.6994665774034345
Miner_330,64.39408215163422,77.58103334704776,4,3.6957011666997275
Miner_331,40.94663790473197,75.12366615918523,3,3.85757803536606
Miner_332,10.793869967111997,85.5255662405063,2,3.5908583550765947
Miner_333,58.173537949491276,16.827488401525713,3,1.1250535913316895
Miner_334,99.10508327416824,67.45278926441841,3,5.894540941211216
Miner_335,31.262012504260113,43.02587955447254,2,0.8529665117298468
Miner_336,37.36977121998967,91.01361851680093,1,2.2883681265624927
Miner_337,73.83945062974186,81.8601173970356,3,0.9643461890598704
Miner_338,62.44568363540668,61.16522219686138,1,0.9129413275559108
Miner_339,40.55276121983121,46.97491854929294,1,1.68284030533912
Miner_340,42.96179157973083,88.69049389223278,3,0.5914209158935034
Miner_341,93.9950593452213,46.062125164788256,2,4.837094371925174
Miner_342,57.50072354231804,98.61388596784252,2,0.9732805167621897
Miner_343,0.0,71.99617879314059,4,3.594674857736342
Miner_344,0.0,65.11235065689422,4,2.1810164159914742
Miner_345,30.00565580672452,45.93146553519864,2,2.0935789492071013
Miner_346,58.24730255431356,66.68870557830223,2,5.130366394299203
Miner_347,91.32341018787048,87.77402948735647,1,5.693026917741279
Miner_348,4.602549592303198,52.91835275354896,3,1.6875153640387586
Miner_349,20.269343428515228,45.92292912822171,1,2.322198635123352
Miner_350,89.77044648401869,10.733524427606525,3,2.3264933527768688
Miner_351,17.975534821624393,13.593745184994415,2,4.324691111844753
Miner_352,79.81351187739341,0.0,4,4.638165339978973
Miner_353,45.65502978558766,1.1732355884816066,4,3.725961144769487
Miner_354,62.343700768597955,59.71805504836641,2,0.9968353034822529
Miner_355,100.0,52.10228186088946,4,5.533911294367335
Miner_356,89.37369285962666,59.017494049387494,1,4.8059486298618195
Miner_357,20.57652799194709,45.98195629506117,2,2.7596276980557124
Miner_358,27.999888408938105,63.05975702074315,4,0.003734822479216765
Miner_359,13.623326416402506,95.94066403398006,4,1.6569449461124568
Miner_360,83.99504484012215,86.71847201837733,2,6.247987041966972
Miner_361,80.01104014107995,22.703016424823602,1,3.2159069299803758
Miner_362,33.969994709159494,99.48625017268688,4,2.7916002881020914
Miner_363,61.232496308191344,29.194615282222475,1,5.02560951992758
Miner_364,24.407078652584318,100.0,4,1.3562108651575764
Miner_365,69.40037972186008,9.333773743239021,1,4.300975709605364
Miner_366,80.56374220087235,28.5952033580472,4,2.1261761951342812
Miner_367,27.099125901295437,85.001228431669,1,4.73717299288265
Miner_368,59.21170634066246,19.187944420132567,1,5.0201510154703675
Miner_369,94.74894929477324,47.39476850596046,1,0.3561752846978126
Miner_370,35.17549968323095,77.0447963856405,3,2.97035736752692
Miner_371,87.29764847787516,24.23883164776403,4,1.097185044684525
Miner_372,82.78622313888263,17.153890319413364,4,4.573582620661849
Miner_373,62.828382923938506,41.95699577298663,2,1.467062519931411
Miner_374,71.9647912930639,49.06086708352723,4,0.06635287067221812
Miner_375,26.53529742982579,56.998958754008754,1,2.618294433745582
Miner_376,50.65526450676461,100.0,2,1.73969007074398
Miner_377,19.216942985307178,47.263996293717184,3,1.0261933057696189
Miner_378,7.710425444692806,13.494236600868888,1,0.38284298901569686
Miner_379,44.92119008802155,47.1201551631043,2,0.14048100304035574
Miner_380,54.24912696437385,8.18006667198317,4,2.6049491939907603
Miner_381,68.00563523480372,23.285105999550424,2,0.7216686445615483
Miner_382,52.00000353001377,12.005314141299287,1,3.1402641178741595
Miner_383,91.16646070591293,5.096544158783683,2,0.6906884813911917
Miner_384,55.45436660575132,22.05756846698528,3,2.147745454436694
Miner_385,0.0,20.86211421055799,4,3.5353033665891944
Miner_386,95.7466520470353,100.0,3,1.845344780145057
Miner_387,95.537084026365,79.53211721523218,4,1.007982936764127
Miner_388,89.93119774438611,52.95305093751199,2,6.151940209922532
Miner_389,73.94715661192005,30.299305966620054,4,0.08129614187641522
Miner_390,88.07339847426749,34.36587909255786,4,0.341995234030491
Miner_391,85.17900111513939,11.682847718306427,2,2.9296535962443966
Miner_392,99.60562803515836,47.204222960281754,4,5.3563298519606315
Miner_393,73.17198426699906,56.80180004676865,3,1.3887945093002432
Miner_394,52.96541840074667,12.190188754879514,2,3.637950875631717
Miner_395,40.91673345701179,70.81191072583408,1,0.204397952120924
Miner_396,100.0,21.279521870414673,4,0.6186920075093185
Miner_397,17.922700092522156,69.55149484618708,4,0.9018385206890004
Miner_398,90.26304969992191,59.68566335872151,2,3.7111888951813983
Miner_399,70.5955442137082,27.675333315944386,4,3.4152886159598963
Miner_400,31.85932904883005,1.9485346925092575,1,6.017193497899751
Miner_401,79.73718860990209,56.57401918174966,1,5.918671375283483
Miner_402,86.16376428890413,75.59882210064296,3,5.907656190444367
Miner_403,45.84387335682254,67.45741014326575,1,2.4800275302287247
Miner_404,75.04443415561047,28.601931287683776,2,5.102784569639437
Miner_405,67.97041725973412,0.0,3,5.33218373681148
Miner_406,77.54986261449909,88.35197192769408,2,4.122501920067916
Miner_407,21.497126121193418,53.94167682492909,1,0.5068425904371919
Miner_408,64.33692319106478,3.7027725797476374,2,3.4328464340998233
Miner_409,14.344390688851213,68.91213495405077,3,0.33208121867075824
Miner_410,44.88778555658715,22.84262273446538,3,2.3131414698773423
Miner_411,0.0,42.88063821460062,3,3.6767156150371774
Miner_412,90.50042419463625,18.5290371781671,3,3.925304779964699
Miner_413,13.801093819435927,98.34137869884233,1,2.1528331736676485
Miner_414,64.72074089630007,64.97629058920639,4,0.18710800907208108
Miner_415,12.578059969706551,1.7881517981378285,1,0.46345124048027636
Miner_416,38.14933867078045,81.83132100193245,1,1.2793533321511739
Miner_417,96.51278006493459,68.91321096991368,1,0.49872102709737876
Miner_418,8.221814722824853,96.12921572757955,2,3.3776262353566033
Miner_419,10.933767608830863,0.0,3,5.1361012859727335
Miner_420,38.253315142237795,73.83582721446885,4,2.96341212672893
Miner_421,49.99937542437908,77.85862804459686,4,6.274349444994421
Miner_422,32.01935866581252,18.08243562417958,3,4.284387434859048
Miner_423,32.81046441570204,32.8801606486158,3,0.9672829453851924
Miner_424,90.07677805560905,53.61573265113759,3,0.39482253979980336
Miner_425,32.292761179640365,48.99464138605953,2,1.5341930063472105
Miner_426,40.749117628603386,100.0,3,0.7538003350533341
Miner_427,10.53785642421834,14.008902330671987,3,4.673867489402491
Miner_428,7.359041333458761,78.9134311942928,3,2.896355970741656
Miner_429,24.240093827047872,87.44811015249871,2,3.908603561619533
Miner_430,39.00693704333008,22.76452553414343,1,3.2004953248576715
Miner_431,69.99288279577081,27.5228209133476,4,6.25335719136614
Miner_432,74.33128091982111,30.885621095473535,4,5.822403310162498
Miner_433,26.177111350027417,63.62593286308726,4,3.2905217778768754
Miner_434,85.3090202963345,29.296386059868155,4,5.117709976669408
Miner_435,12.600200148861028,49.25685373874106,1,5.832273302235447
Miner_436,53.38273234617765,83.82158609515744,4,1.4213195423479832
Miner_437,74.69748957244066,43.096582167990505,4,0.19476540983630314
Miner_438,20.86237705797366,28.737039188456947,4,0.7356442612990974
Miner_439,74.2162155517072,75.92245865989872,1,1.768018499464998
Miner_440,37.52429040088086,54.84846730534821,2,2.7775461880209624
Miner_441,29.28245832048063,70.087313817976,3,0.34756506831478906
Miner_442,69.22812238401775,95.88386797236222,1,2.33639591165836
Miner_443,9.117897387316367,92.49426340527066,1,5.606215239393767
Miner_444,59.85443479630982,55.25419264736061,4,5.546801640952302
Miner_445,81.0019862747298,65.17825950294224,2,3.1193083714120413
Miner_446,59.48284947578739,56.31249931474318,2,5.6571487283399495
Miner_447,43.309775422714324,59.37465299890624,1,4.27612520527975
Miner_448,89.60023246211017,55.799825666609706,1,4.068960514022045
Miner_449,84.62591958167769,100.0,4,2.5605303789393834
Miner_450,28.61639212326881,100.0,4,2.36239202502442
Miner_451,26.787569417319432,51.005644827066334,1,4.659256338647822
Miner_452,87.88046613191938,0.0,4,5.9068810941104175
Miner_453,34.00965440069035,31.72225551658032,1,3.2110846921113527
Miner_454,10.964210806539764,44.518566331766436,4,0.8985269471122728
Miner_455,51.7942774184244,25.197435292523608,2,6.0559132334512045
Miner_456,40.495847800738204,14.772670151733614,2,2.78766597520826
Miner_457,85.73559661369387,84.9602585874166,2,6.0253710323645535
Miner_458,100.0,95.8709257425852,4,0.6648395435502817
Miner_459,49.27064549384133,75.10155331543086,2,4.871895172638953
Miner_460,96.62552009822633,26.387204662629273,4,0.5517757699046704
Miner_461,71.7027385024893,99.36729854340723,2,0.5774776187213276
Miner_462,99.5653336107971,38.813393571103745,1,0.4705183767437992
Miner_463,67.2867082503933,95.4870993182376,1,2.760672496558513
Miner_464,28.94874616235039,8.759019808888532,2,1.3247273190678448
Miner_465,40.925776890285164,11.554207255887846,2,5.086797524973801
Miner_466,23.460914305555477,22.973356012608775,1,1.4553112210511925
Miner_467,27.386777424555724,97.02209553343226,3,2.8870102494634406
Miner_468,67.15356118418224,37.63465424310397,3,0.9321238699753517
Miner_469,37.00480367695863,73.39203901255377,4,3.1170877628898683
Miner_470,13.218574525121724,28.92292929164053,1,1.7674171338326021
Miner_471,48.50503061066888,74.41090466703076,3,0.28821578273000226
Miner_472,63.70182777221589,36.00370501685714,3,4.687538737167535
Miner_473,48.36145322525397,41.77144944829146,1,5.343897864033981
Miner_474,96.80131285108041,52.64651202487255,4,0.9114731162406388
Miner_475,63.097376214466514,73.1227727839447,1,3.3626965750360918
Miner_476,56.3503050872213,31.89494215964733,3,0.33056608127618375
Miner_477,20.04984491423089,94.10835314601604,2,3.2532805682704713
Miner_478,4.010242793117557,29.495703661485933,3,3.1002722579005906
Miner_479,77.85330616736036,88.11915473858119,3,0.4407260284711759
Miner_480,11.529547405578548,40.11229950553064,3,1.1837420064639195
Miner_481,90.86561980591983,2.4165781912701623,3,4.448125539482451
Miner_482,39.09289943280501,77.16947123887729,2,0.8806987575275604
Miner_483,75.67950247938592,85.75485423099263,3,0.23163707877143422
Miner_484,21.739901031450415,14.483821294177673,2,5.061952363642953
Miner_485,17.200138858167406,59.07981168972145,4,2.751809080935634
Miner_486,59.86446327835192,26.219128017540754,3,3.84708141511175
Miner_487,35.25864560632621,0.0,4,4.603338320006059
Miner_488,74.91056213744565,59.655067044306676,3,5.044331559700016
Miner_489,28.668645518569477,85.72602173325299,2,2.1429206626358437
Miner_490,91.64216715873204,26.352632864272934,1,5.135437133865791
Miner_491,14.330707101627894,61.36496750778698,1,4.281891190636466
Miner_492,100.0,2.237808291464173,1,0.05948715139925869
Miner_493,0.0,100.0,4,2.5648872713613975
Miner_494,5.749156728519694,52.84088711427589,4,1.7119422199040182
Miner_495,11.247754503373486,42.80477482411865,4,2.9653837733811463
Miner_496,50.54315721752323,25.990777974728196,4,1.5368424770477382
Miner_497,100.0,74.34589320318929,3,4.953071271434713
Miner_498,82.38588392543625,42.818764000327775,2,0.6464362186326075
Miner_499,52.532033957452256,100.0,4,2.0564062739484794
Miner_500,72.24494614979312,57.661127518451934,1,5.658652762026978
Miner_501,25.965687046627025,55.79007060650969,4,5.027955893567634
Miner_502,44.6416886915907,7.860692004830419,2,3.544846753157866
Miner_503,38.0001514163836,0.4318277263915973,4,3.497041049469162
Miner_504,16.021266249989992,48.601077392881535,3,0.5824717447156846
Miner_505,78.9501074865687,75.09131931853454,3,5.861765202369218
Miner_506,34.06644602275949,74.11046571276478,1,4.4768280164598275
Miner_507,30.35791893182149,47.996767137038375,1,3.990877487880813
Miner_508,47.0651327250508,5.137463893275267,4,3.65529891590908
Miner_509,82.99576580062711,89.73975153886772,2,6.2506485090317145
Miner_510,47.697379944646684,21.22964025631491,4,2.447936759286277
Miner_511,70.80853699238605,79.22272072756908,1,0.31065272347569906
Miner_512,33.66119772614513,53.305639887968795,3,0.7644451837360131
Miner_513,60.84346114283241,57.57483881742803,2,0.19814896320353587
Miner_514,37.121133656727636,9.464055772673031,2,1.9389123336468734
Miner_515,18.99788251838214,30.869864035660783,1,6.250645574034888
Miner_516,62.75247869930229,26.28999200645744,2,0.5659868066196801
Miner_517,42.189728473438976,44.50084144730903,2,3.8994885884374573
Miner_518,100.0,61.99632252858232,4,5.217274527267417
Miner_519,19.534815905623162,20.83801499821311,4,2.7000043612022346
Miner_520,15.891540648648176,14.67107341719951,3,4.178321873185812
Miner_521,4.7235481682699145,25.609623486134453,1,1.1253208056573307
Miner_522,79.66494260109567,0.06090444853837518,3,3.4760514067231694
Miner_523,0.0,29.910933114284152,4,3.99811140815599
Miner_524,93.61633497167509,29.018442371880013,1,4.616325040632128
Miner_525,65.98819268185821,55.63230254309562,1,2.4233325164132817
Miner_526,31.012854557818045,25.386170277064693,3,5.699440501524136
Miner_527,45.15287470642795,40.00146080061273,2,4.731499481895357
Miner_528,38.859025327064614,90.37879082659009,1,2.135592515545119
Miner_529,66.01137163369197,60.47770707973888,3,3.1851308172597266
Miner_530,89.34921655010231,87.3654418939808,1,3.5625556075764355
Miner_531,32.71435798814137,0.0,4,5.879570670791544
Miner_532,34.64646249775247,100.0,4,0.21060840291807192
Miner_533,25.40144040008478,0.0,4,6.0087929556044495
Miner_534,56.438724863267,23.200687395693905,4,0.26565667342411897
Miner_535,25.071102851622513,86.27574569942044,1,3.8908068353238674
Miner_536,84.7163252955944,29.002514926961794,4,4.694658382367124
Miner_537,72.80274681560985,14.91817795908608,2,4.00525627440092
Miner_538,30.087085866998898,39.38864050162522,2,2.4025507709402323
Miner_539,84.8059538397651,73.08203644629407,1,4.915266290440454
Miner_540,67.85106882184061,40.22872228389639,4,4.317930622434364
Miner_541,50.99799975401851,26.8315876779001,4,1.9553279615260657
Miner_542,19.09290989296929,82.68924949157747,4,5.944845046246441
Miner_543,22.785404251536093,7.543179468608984,2,3.5884155904596926
Miner_544,52.984101460793056,9.06264203387871,2,5.233694515628088
Miner_545,19.41864838925315,41.84215066695282,2,1.7697757061815615
Miner_546,100.0,12.259292654947108,2,5.2811138010146985
Miner_547,89.0255347158182,10.548750950323807,1,3.2546455830794496
Miner_548,83.9916281988655,98.8880760189108,2,0.5075178956341703
Miner_549,11.91173948976774,74.74258512059828,1,0.7554911549366753
Miner_550,96.3499687523651,48.99622001638039,1,2.2949581192386987
Miner_551,9.021645794080431,38.16801630414261,4,3.1936150964283563
Miner_552,68.07455503726254,36.30396636404766,2,2.2340457381580268
Miner_553,0.0,16.02731390351218,4,4.203513418764827
Miner_554,18.587817909021254,68.27494183299234,2,5.485656406634077
Miner_555,12.159017084174678,10.947080785980113,3,2.9786153898449337
Miner_556,17.53880869823,82.61199956490356,2,1.8835174414915539
Miner_557,43.831264995170244,76.70695825131423,3,4.172476118710804
Miner_558,52.32175210064702,18.902596289514882,2,0.6596300294889881
Miner_559,74.4256067174922,84.81936609273299,1,5.3639164327651905
Miner_560,44.18347676267814,29.068685495949424,4,2.6130297953552915
Miner_561,0.0,11.026368722742681,3,3.306812586732115
Miner_562,20.213072344907047,54.33201302461555,1,0.9845139197477961
Miner_563,87.17106192209025,66.15725243379853,1,2.848083472901918
Miner_564,63.51089911782066,15.595747864438856,2,1.251538065257465
Miner_565,19.755252427716016,14.023790509078879,3,4.775368307927361
Miner_566,5.303616992464917,20.377037196140265,2,2.562661409567601
Miner_567,30.39456887739658,46.458593104311916,2,4.098954806490864
Miner_568,22.00629151000622,10.861590252320234,2,0.5037336568995556
Miner_569,100.0,32.84285806914201,3,0.9618272637959232
Miner_570,92.95462758546893,93.85067036595899,4,1.1894566743057935
Miner_571,42.48754263740145,84.97017659263611,1,1.4486068406635892
Miner_572,68.22507390677708,37.884283483163216,2,2.9038231866960134
Miner_573,81.36286868541441,13.116942918745497,2,4.883582543268914
Miner_574,74.51956619744328,27.836037751082785,2,2.7792083212420775
Miner_575,8.242753682789655,72.22345745597858,4,3.316009548531966
Miner_576,81.0677343588589,9.381763771372965,4,0.343049253959499
Miner_577,19.28479254067915,4.919135224755397,3,5.936191778800743
Miner_578,0.0,0.2518192489348503,2,3.777021353353466
Miner_579,62.812368847240464,50.088645359674814,2,4.563384321509296
Miner_580,29.31517251774568,93.70097262330319,4,1.1650568773339611
Miner_581,19.613084506234898,69.71628096499535,1,0.4434632008748799
Miner_582,66.74585780101575,37.99993975275666,4,5.217741712728505
Miner_583,43.76555598200298,70.72896401191554,4,0.17139822321846207
Miner_584,44.15683754524832,98.95544323560273,2,1.6763877403464864
Miner_585,25.00076734381723,88.22823447110284,4,0.9733319032646178
Miner_586,64.87468978545564,65.00098147582275,2,4.696724562967785
Miner_587,70.13504246640542,32.02339684209818,4,4.658302768494057
Miner_588,84.65587221002204,0.0,1,5.139197845536468
Miner_589,72.0639304677033,62.78043306883103,4,4.398768698500646
Miner_590,63.33240451554996,66.71790020226081,2,3.430872924091413
Miner_591,36.13859850998932,40.956171214737196,1,3.405606277075101
Miner_592,21.002317469714797,17.863858944280082,1,3.175634492017866
Miner_593,53.95697551189829,35.757686099039546,2,3.8561581149508455
Miner_594,55.16064064027185,45.114193521615874,4,0.32534646563978864
Miner_595,5.307484035641531,76.25866620892475,2,5.280968385560003
Miner_596,45.271916943457654,29.617844589752593,3,0.6877760313108034
Miner_597,37.05308687698761,51.64952043800997,1,2.978490354340332
Miner_598,99.97735525698016,91.26314109349914,3,6.221741744170799
Miner_599,11.92433218728906,0.0,4,4.832951599778628
Miner_600,94.461043359445,48.3816433502779,3,0.6625596512514482
Miner_601,86.63266886119652,25.04304931788542,3,2.6138464780842137
Miner_602,64.96280379257013,10.796626010431442,4,4.11216809648984
Miner_603,13.230878752669902,99.67612810470939,3,1.8036551250580433
Miner_604,40.88553594203486,16.95005812619823,1,0.23980635944738576
Miner_605,42.93866007734212,97.30217710330538,1,6.107832318384649
Miner_606,18.873651887698287,92.99800402132337,1,1.602388609838762
Miner_607,54.227830805834344,52.67540483062231,3,1.8039161740287204
Miner_608,92.6437886224395,62.738295939249014,3,2.0334796990045403
Miner_609,43.04275521527035,48.9854721755469,3,2.413488080089448
Miner_610,58.897197110288374,16.771785066811447,2,1.3313655922513468
Miner_611,37.97943445247742,15.426741054481951,2,6.211466472738711
Miner_612,100.0,88.07002841768178,3,0.2587120752752406
Miner_613,14.151551598790224,0.0,2,3.8925205700285974
Miner_614,60.26010770766618,57.2559856784423,4,0.47068747015841844
Miner_615,100.0,14.001306211690391,4,0.18869949909437667
Miner_616,95.6932350625907,24.732151239188227,1,4.0977161911336175
Miner_617,89.89049924614511,79.06460577902385,2,0.5329491915906736
Miner_618,25.054303211756192,80.96954608560975,2,2.622383972404492
Miner_619,100.0,20.46530391061978,3,6.154942739120307
Miner_620,52.288467931075445,8.805856584219057,3,4.014466044589442
Miner_621,57.92544002459647,60.927504075007505,2,1.7055235356814151
Miner_622,12.555741232256644,59.269836918873864,1,4.342979628064727
Miner_623,28.051318355627643,45.99967078974953,1,1.557966385907049
Miner_624,81.13068367918424,48.64093352385555,3,4.384079749579532
Miner_625,23.627171559076913,22.300867860218446,2,4.1340861190760245
Miner_626,65.27630452694785,0.0,4,5.256045799924528
Miner_627,64.26401627687954,64.02589942700087,3,1.9764998909078009
Miner_628,88.1090835663536,23.316600864806603,2,2.9762654233548784
Miner_629,20.06175520642556,97.99210362225335,2,3.017259610331241
Miner_630,38.48950809674517,15.607228071640371,2,2.1697898276076883
Miner_631,48.14484505501403,47.85884405757304,3,2.986062706458779
Miner_632,61.52317876733175,93.0221946212867,1,3.658796156937543
Miner_633,30.373012870798448,100.0,1,1.9896864460640276
Miner_634,33.50761976690139,70.11638301635816,1,0.8932221244521311
Miner_635,91.23611812354187,60.49999661935553,4,2.00726585533841
Miner_636,85.62875652389818,82.49531825285754,3,2.46696080706996
Miner_637,95.22168665907628,97.31314443143083,1,2.807104103996845
Miner_638,82.65698599025689,29.12494376727787,2,3.796873607360538
Miner_639,10.908292921218967,81.70238986450198,2,2.6604428578437576
Miner_640,51.90124631666785,86.74688123334516,2,6.125897730185235
Miner_641,61.59362913222397,96.71312998334582,3,2.0381562551439876
Miner_642,66.54942162980802,41.420652575410685,3,0.7778103012873635
Miner_643,27.290453196929263,88.71156682944553,4,1.1667377464772826
Miner_644,61.13905315151817,27.514902479517445,2,3.328312937635408
Miner_645,91.197447054404,73.45842378984878,4,4.472433318292676
Miner_646,24.81149953172057,83.78654570762063,1,5.9749647060677775
Miner_647,81.29138503054344,100.0,3,1.884991608184055
Miner_648,55.45919424373207,35.509396221950254,3,5.004804647745247
Miner_649,74.48031031652732,57.86183800071953,1,5.381230564525131
Miner_650,36.361732423838504,56.05125152722778,1,4.552137070325064
Miner_651,2.248050409007366,95.80581018412698,2,1.7915793422352424
Miner_652,75.00141028181321,16.352650438271425,1,3.8648597768626933
Miner_653,37.59026605948435,2.908657260300077,1,3.6917667998072607
Miner_654,93.17185005235814,67.57321767035234,3,1.3032966800856884
Miner_655,11.272398757501577,24.884087885392574,4,2.3934815056753673
Miner_656,72.72980996044748,13.793294227089834,3,3.6851985850413502
Miner_657,31.34159697508035,60.94544109787191,1,1.7361495597735408
Miner_658,90.55752940704986,24.57487077469024,2,0.9646662835077653
Miner_659,81.57013116018834,68.62805169372335,4,1.7868398428289123
Miner_660,27.71198949090082,82.21304490012756,1,4.38454496166512
Miner_661,31.151413862581677,47.591198861527914,4,5.574876805680332
Miner_662,53.295141094762954,19.15293967643997,2,2.8691160864949667
Miner_663,79.76237119308837,25.80371856691613,1,1.8853659078082134
Miner_664,79.92622689918915,0.0,1,6.090830176800756
Miner_665,82.25792975157236,12.087775634898975,1,3.9570746370430525
Miner_666,71.7608321315792,72.5085155617632,2,1.2184467189099992
Miner_667,80.26406735725885,55.42334538294358,2,3.91291203038694
Miner_668,50.02821204865751,27.50883959252829,4,5.932866226725012
Miner_669,11.113565694549669,11.827360915155033,3,2.1820194055606574
Miner_670,83.44481112894289,100.0,3,1.7007609584021093
Miner_671,64.35137331251491,59.18364303863126,1,0.5774757588640238
Miner_672,35.91711870660794,86.68953697220826,2,5.374318275766084
Miner_673,54.11753402005192,52.633716693009404,2,3.313219392272819
Miner_674,43.472241652442136,46.69674917075358,1,1.9626904100754783
Miner_675,32.17859816318487,16.248969614619288,3,1.2151284568264529
Miner_676,3.2009795187163093,12.400734521929468,2,2.2141443945712425
Miner_677,65.90341214992526,26.873712531566184,1,0.22020341720043834
Miner_678,81.170681109094,39.99635683579413,1,1.5281130902310849
Miner_679,0.0,44.00449355011861,3,4.300315152613963
Miner_680,50.040867237565294,50.807592514785966,2,3.040471340999835
Miner_681,44.90695191314356,48.183945256300376,3,4.537071587612509
Miner_682,96.43627141629548,59.733245828864284,1,1.2035273766677765
Miner_683,79.94428926267767,11.665268526480553,1,0.1670935965941991
Miner_684,47.37760258199185,96.2166762289832,1,0.9342761926523975
Miner_685,18.581413258416333,54.39384708029371,4,4.158308389542914
Miner_686,62.30278605593725,40.180114102363916,2,2.8655874188937993
Miner_687,52.7410442873084,61.002794411244565,3,4.690807662437782
Miner_688,33.47205996288321,15.696674078543516,1,1.9627395590428123
Miner_689,35.76463773853328,86.86954311048845,3,1.4232079622034113
Miner_690,59.83398598288116,15.042543707975184,4,4.639448443662146
Miner_691,100.0,96.80133721012328,4,1.0403543962299326
Miner_692,58.17874335098556,66.68164931845126,2,2.929806822209825
Miner_693,54.8195474869255,31.81212079944081,1,5.981667586027284
Miner_694,35.88522533711861,59.33518534895185,2,0.9139111858792738
Miner_695,82.80722141371945,100.0,3,2.1130467342883423
Miner_696,61.84066834499902,61.36708877276956,1,2.141034930128484
Miner_697,60.22320899331436,77.27488310241864,4,5.252172802604376
Miner_698,0.0,60.501059616097905,4,4.275763319794191
Miner_699,7.313235149045845,57.758912574858556,1,5.6884713371469795
Miner_700,37.41082733626152,71.95103543520929,1,4.008361073745263
Miner_701,81.85651862144732,37.52643479514032,1,3.808286675804298
Miner_702,64.06102102404887,81.64316534137782,3,5.241869527428707
Miner_703,92.98004377742416,62.39906331551168,1,0.0999320731098445
Miner_704,29.251118205067,90.66971452034693,1,5.661296515667462
Miner_705,40.074251108834034,89.4409024794212,1,5.588980638171519
Miner_706,16.53939511619626,24.469341071127264,4,5.275373165149402
Miner_707,54.3135906104861,14.759449559533888,3,1.1120780876951846
Miner_708,0.0,89.04649007216346,3,2.2876537616962485
Miner_709,7.1693897455208795,59.55905018804981,4,2.501286925374698
Miner_710,27.05937894882173,57.893579806592726,2,1.0386055217357535
Miner_711,100.0,82.21192551117133,3,5.46143392075492
Miner_712,30.950940513338082,20.79459926353266,2,4.029376698598055
Miner_713,62.02090351705466,1.5915992416607656,1,3.24387107020868
Miner_714,58.47565277429021,42.78632765489411,2,2.3330364030606097
Miner_715,72.27892497768721,20.709006549398467,1,5.673330602966389
Miner_716,59.57069406779479,39.98981889456488,4,1.535120380141368
Miner_717,98.95161625427272,33.37973475112037,1,6.127490730039613
Miner_718,51.732856573189906,86.02724211476345,3,1.1653763639914632
Miner_719,26.997401840216213,55.7730114397321,4,4.114786148196018
Miner_720,17.122732413466366,51.999058491765425,2,1.555454173241715
Miner_721,82.3802878769257,74.63768483396382,2,1.2686856173647498
Miner_722,36.01469424897539,20.130840455461126,1,4.968865143594787
Miner_723,30.49407210958954,7.447652293888687,3,0.29141135049051203
Miner_724,14.862673858137402,65.18975997849361,3,6.131753877533721
Miner_725,83.62947289502199,92.01719826447805,1,4.619624216580956
Miner_726,49.60856635940982,31.587759583395425,4,1.3433037687336484
Miner_727,84.99667580233967,79.8669691209609,2,2.637091114331633
Miner_728,4.460261874864312,6.862861778410004,1,2.657149742415193
Miner_729,11.940515408328338,71.43998448475423,2,1.1944075680724624
Miner_730,24.429001479781604,20.023071822330053,1,4.819846032385313
Miner_731,70.2574428983387,70.53674702809928,3,2.0697948561270736
Miner_732,0.14441450898429029,0.0026077938742581352,1,4.748500455578881
Miner_733,24.258541635932133,30.450891531945132,3,4.987387109456992
Miner_734,64.33275870990775,25.02787424454455,2,4.628886814919525
Miner_735,75.032635342817,44.04451321573373,3,4.798548486340331
Miner_736,35.68637512730248,17.784814847091468,3,5.4075788533342415
Miner_737,95.78901239901222,0.0,1,5.956942326338467
Miner_738,7.141900572524973,90.20155978040145,1,3.9164442638607784
Miner_739,15.799101194390488,64.95998977895849,2,1.470741821696129
Miner_740,11.044452933817098,87.84218221172654,2,3.036124455878992
Miner_741,63.18213382917551,94.06815018125013,4,0.6025671688200922
Miner_742,77.74704821213481,67.00419339642878,2,6.0310463793843425
Miner_743,81.97616985286186,52.956244051950875,3,1.656219357809332
Miner_744,33.50167322134635,46.906091586426214,3,1.6959836218234567
Miner_745,2.6091366790408017,84.24582955489387,2,2.0084968828708463
Miner_746,27.317693819946598,51.377418898670385,4,5.990095839882264
Miner_747,64.60024859580886,22.071519577576296,3,0.25884061860001223
Miner_748,57.87075852903905,75.90407217967419,1,1.3513496200178063
Miner_749,22.694613797357647,55.67004539143397,4,5.876440122411126
Miner_750,64.87785065435034,81.0267137566621,4,6.159540106946913
Miner_751,17.997043269241164,97.84623035470582,1,6.244733421066216
Miner_752,2.3841956330191394,36.28945658350273,1,3.5834684604975267
Miner_753,74.74174961572913,21.983737892198192,2,6.028405052075998
Miner_754,24.990781394998734,51.2714108644324,1,0.06790488982382822
Miner_755,0.0,48.26513880594317,3,1.92257429456157
Miner_756,57.46384611070059,13.869656565038788,1,2.6552291974078988
Miner_757,45.54198947574878,22.599038399176507,3,4.041731912462799
Miner_758,94.33415146533304,20.229053186857485,1,5.052442838167625
Miner_759,57.021314598198245,72.26200380628165,2,2.242519436530882
Miner_760,3.0025867871425813,43.99999916356646,1,1.5701496299641746
Miner_761,78.93210732792943,32.56671668725937,1,2.4449070388258876
Miner_762,90.30317263526098,46.889634291490495,4,0.5890870011096643
Miner_763,100.0,56.51830773988968,2,5.6885441629902225
Miner_764,15.378468918574113,48.431514749052354,2,2.832767748624771
Miner_765,37.66014618746158,48.61348377320951,1,0.4151978117996451
Miner_766,6.496327662792062,0.0,4,4.42705335623982
Miner_767,75.47143673092494,39.0785592408333,4,0.257754578251783
Miner_768,72.79342492520726,6.268829120416232,1,0.3227832308222166
Miner_769,0.0,10.62989550540162,4,4.130874156755228
Miner_770,81.5619247582344,5.389005179859232,2,5.9507199722529975
Miner_771,66.06585817371672,28.277138954785485,1,3.323306291213576
Miner_772,13.125723459469611,67.76053057989105,4,4.40282614183402
Miner_773,82.34864533559136,88.98477683565471,1,1.483524251686339
Miner_774,28.390836613311592,22.988399543679108,4,1.6088782423994892
Miner_775,77.82422906148076,100.0,4,1.7706089480441924
Miner_776,55.27867413227071,64.06838175718133,1,3.9641741758081035
Miner_777,60.0279498666104,83.61461330447821,4,2.4162213312060623
Miner_778,84.25510880674148,19.24078189474929,3,1.0224706829732533
Miner_779,42.922522179716196,14.494499964293318,4,2.4262100795691306
Miner_780,71.39685315867263,32.449156753331735,3,0.9066280405185277
Miner_781,76.91047260305987,35.15845141511727,1,6.071214354635286
Miner_782,8.910406871636491,26.514305846793093,1,1.0728733824770924
Miner_783,23.005464755925885,26.79098281446302,1,3.1938707594004696
Miner_784,76.20659651153312,19.21712294612135,3,2.9557647513580667
Miner_785,68.94846198832471,29.71681637831452,4,6.202900109393238
Miner_786,91.82277346087818,71.05475733184102,3,0.1720777464416117
Miner_787,36.70708191434622,79.76963407635373,3,2.02759413873398
Miner_788,5.833586128695714,54.89458907643274,4,1.4559448619867892
Miner_789,92.36725887737288,100.0,1,2.2892020932894743
Miner_790,58.8826141377867,4.0017228010863946,1,4.683038300928487
Miner_791,36.363295915597945,56.0509991252336,1,4.552533003817054
Miner_792,39.48849415521761,59.88674793959373,1,4.033567168084344
Miner_793,33.47275808032376,2.2906404663336204,2,3.487095596529006
Miner_794,94.61517772094265,90.13142631568564,1,2.579619911644543
Miner_795,4.998932076922302,5.092424261760012,1,0.02310812195133374
Miner_796,8.618944186138037,43.97656960558146,1,5.426222337447753
Miner_797,56.02478758609573,26.22909946045347,3,3.205878635047736
Miner_798,4.977890430105737,60.26263577624164,2,0.8992001622998863
Miner_799,41.23387159384592,45.347693150668704,1,2.7979454468297997
Miner_800,87.0624437284635,37.27102437241069,4,2.163489978979285
Miner_801,41.62129351352625,67.50247924271764,4,5.865008490968894
Miner_802,30.232189877819437,14.643530481054,1,5.653219189525571
Miner_803,66.33979892488532,4.613359256250508,1,2.7264288612033036
Miner_804,61.32182206469881,66.22349525405104,2,0.41472352342863206
Miner_805,23.174575949955653,85.13092186267329,3,2.3971298556813707
Miner_806,18.356667780552726,15.14276058571508,2,5.630710220050583
Miner_807,91.16993491320375,38.63973476159106,1,5.285779863025971
Miner_808,78.93784934264323,48.727970029216436,4,1.3861330110845727
Miner_809,57.12235091128693,5.143891558310081,2,5.253739487256383
Miner_810,45.45221790408246,0.0,2,4.768946365614168
Miner_811,74.69606594830037,28.18416320805275,2,0.2765313221346387
Miner_812,30.273618921731753,97.01572468355664,2,0.8510387928565153
Miner_813,69.25092168159085,46.00787796908617,1,4.775160615612533
Miner_814,88.47086300947547,16.79884382108895,4,1.729533174976861
Miner_815,25.305252180443176,32.46740789840214,1,3.5347946595705375
Miner_816,47.60829653859247,92.20620563169166,1,2.211707280219756
Miner_817,36.79382805985364,90.27051263809847,3,2.114350280203437
Miner_818,21.279601378792677,17.530770916664565,1,3.517704915864383
Miner_819,80.9874613330486,74.59720580099605,4,0.7239182459765886
Miner_820,32.80863580016947,58.66411596710799,2,4.302049635836516
Miner_821,26.020341131123814,84.57012659678844,2,3.0702663663477248
Miner_822,86.74806639491305,6.602860672902082,1,5.926377551867719
Miner_823,97.74294550602212,41.30496061571023,2,0.5682051293469589
Miner_824,87.96962671966725,84.49199970173163,1,0.1233122000542335
Miner_825,81.13893434559202,26.9919246070137,4,2.618576571299479
Miner_826,55.911495270876,23.340701628198865,3,2.1029326188068924
Miner_827,36.228213759690846,78.72436112526617,3,5.732853696728736
Miner_828,38.18066666192638,22.309430229747875,2,3.354519164552949
Miner_829,90.78542645108007,6.840417065456261,2,0.23213125254426478
Miner_830,44.615538915704946,82.23928805992244,3,4.512352493378684
Miner_831,34.862262276834514,46.13109887272029,2,2.4452874514845018
Miner_832,74.62820981324137,22.97742482198238,4,1.211342399221635
Miner_833,5.5969264951993125,34.938362046964755,4,1.6586012021788232
Miner_834,61.549414538502106,0.0,4,4.2974199478672395
Miner_835,21.600505088620366,100.0,3,2.133282813919491
Miner_836,89.07914890052228,42.3487159998459,4,1.112471093380892
Miner_837,85.44072602881369,4.039952056947412,1,0.5351708562249882
Miner_838,24.955034945723654,87.115684326365,1,4.953476398748251
Miner_839,98.48610513222894,15.821033489559426,2,0.36037929209598
Miner_840,76.87380993862843,27.504617123529613,1,3.8152463972994877
Miner_841,45.27466635114311,10.951928459859623,4,2.9560340986117497
Miner_842,31.177916161571005,2.3222025078729445,2,3.352886029250416
Miner_843,52.87711729906201,70.99937081024711,3,1.5810367308502804
Miner_844,76.42831178052916,59.13295651092565,3,1.0054685208807788
Miner_845,0.9634963548936613,34.4606819468987,4,2.248853922033229
Miner_846,74.98682369257659,86.32440228776898,1,0.08118973994949018
Miner_847,51.63067583924348,19.823599559558357,4,1.7194257036920446
Miner_848,63.50161954905257,78.18899213417853,2,3.954626955361598
Miner_849,36.04912415534372,71.2352742958929,2,0.7134011349076088
Miner_850,75.31770128818005,90.76716102210952,2,5.867185277358579
Miner_851,42.01372168724484,58.33103657389748,1,3.0587387471482708
Miner_852,0.0,40.48848346158434,3,2.467689931178004
Miner_853,75.52598489226506,98.85619394512685,3,2.6317772167396942
Miner_854,30.04070743040387,50.054338213839884,2,3.6573659814144466
Miner_855,65.1457394459236,54.86453927715894,3,2.985582288080132
Miner_856,77.27296517074126,73.93337264406063,1,1.753570981508237
Miner_857,12.122693026678135,63.464657030384814,2,1.938703424819247
Miner_858,11.48103926832767,22.99035450778361,3,1.5306989772286468
Miner_859,12.33673486567335,76.3936100860542,1,3.554853155921673
Miner_860,87.82044802479612,9.86368039947606,3,5.538110724525203
Miner_861,50.09810035902467,67.5252838759406,4,0.8042783076477427
Miner_862,48.17549073142857,56.53727759204489,2,0.4580051104301806
Miner_863,56.41754893507601,69.43705399035457,3,0.6684298432758466
Miner_864,21.15937105274726,53.050767809243695,3,3.3047516114509747
Miner_865,5.761093268541,47.803302526850274,1,1.885701893345679
Miner_866,79.71182231220621,89.96826888325472,2,1.4817007106164188
Miner_867,97.62692644270294,65.34123133309419,3,0.768562622330863
Miner_868,46.24183745657214,10.407109176319537,1,4.25730178555005
Miner_869,69.91005006145588,28.907951251901267,4,1.053677054505907
Miner_870,57.18794989951874,0.0,4,5.578394144374109
Miner_871,18.52885931541759,48.900827439004786,1,5.396797476325565
Miner_872,57.74835299039091,19.098520406699976,2,4.555287669614263
Miner_873,11.68824223743976,41.788454997417574,2,6.003094284435065
Miner_874,73.7314277599151,72.64133459996339,4,3.9309724202786755
Miner_875,85.85867676628521,92.05385654305059,1,0.2666114604023186
Miner_876,53.32251191009712,5.469132096530515,3,4.992930452251208
Miner_877,91.75199609932383,41.31982373980142,3,4.943781352738164
Miner_878,58.90754761773647,67.48671104500448,3,0.12421174210039639
Miner_879,34.598388551652384,96.59011224562983,4,1.3439566553355118
Miner_880,3.67868092442297,0.0,2,3.9846743655365233
Miner_881,62.404922159862,69.28203672949917,2,3.9378526707058135
Miner_882,21.95082223148306,40.42780614404896,4,3.9501071395696545
Miner_883,46.816662022014924,6.415202368612295,4,0.15152936402808834
Miner_884,62.70639268682669,34.21495308888984,1,4.383066672819772
Miner_885,91.01462885704672,81.12326894012045,1,4.463484048797691
Miner_886,50.89578024276335,29.24056948164636,1,5.5218929320015615
Miner_887,62.976724528272655,60.86271278400832,4,0.05394571011850954
Miner_888,91.17593815014845,76.48455135531646,2,2.3862077675880915
Miner_889,12.31372254321868,84.91293269313269,2,0.6612661217773209
Miner_890,86.55570302062034,71.66228276476869,4,5.001115239210327
Miner_891,38.900797129426905,74.56389307264607,4,2.649191306060643
Miner_892,12.2832167537306,20.186380142000203,2,4.496108854641205
Miner_893,25.669187020471696,53.31584789419384,4,0.5465471660174283
Miner_894,3.8075053507937007,32.00115798534071,4,4.7003577745587295
Miner_895,100.0,82.33924095484747,2,5.661267589036001
Miner_896,70.4258306154228,25.326646333404682,3,3.6340350310400376
Miner_897,21.066030743230243,75.55743159921724,2,4.336879929758946
Miner_898,29.107689145307198,19.301383674772808,4,2.1600845387920553
Miner_899,52.69183495306265,15.466473296956453,2,5.055564741606473
Miner_900,44.26647496668144,31.36074565445159,4,0.7895643906117882
Miner_901,64.00323464363197,94.8391687650481,1,3.18181130399579
Miner_902,50.543196993414654,87.84340072438181,1,4.051016210275236
Miner_903,22.551400984065452,66.61605953621455,2,1.881863615106759
Miner_904,19.486041776224198,68.39608020249636,2,5.028376470483022
Miner_905,61.95033115833502,57.90931892556645,3,6.192169609506647
Miner_906,56.004069122565475,53.312477813313166,3,3.115549892103022
Miner_907,27.994154375224056,13.240313259838125,2,2.2468642599910646
Miner_908,73.99999840480183,51.996427664233465,1,6.282292223119231
Miner_909,93.00371699086247,3.172401017626184,1,3.0984790439480037
Miner_910,34.25172941346409,81.92938813676193,1,1.7589725716712366
Miner_911,0.0,11.71736942348786,4,2.7083284902962226
Miner_912,39.619234790376936,54.86214439276122,1,3.7054659812945414
Miner_913,19.955067906327827,95.29772208711034,3,1.9146075123886628
Miner_914,47.49990623498064,55.334587143180016,3,5.188499249772599
Miner_915,28.724263657984693,43.76062965840427,3,5.526363645644517
Miner_916,40.880897228368866,51.051384280576116,4,6.161093727325323
Miner_917,48.298749755683446,100.0,4,1.4266255491292772
Miner_918,100.0,100.0,4,0.478125926818076
Miner_919,39.00590357706861,56.75103149552592,3,2.193017349624021
Miner_920,85.07691717925803,57.81737014249157,2,5.399898772155162
Miner_921,61.69132935933731,67.01340274116129,4,2.1917264484137053
Miner_922,65.04467142026158,42.15575644012114,2,3.2473199631416616
Miner_923,64.97923894846062,51.50272096814882,4,4.963729346783925
Miner_924,76.6082961923974,56.91896301137484,4,1.470107767769477
Miner_925,8.723302436209352,68.3879777778858,3,3.8287408894989654
Miner_926,34.44383419735475,38.389091684429786,3,5.977539591708371
Miner_927,35.0871461136729,69.19120541828443,3,4.098474991482374
Miner_928,25.35228127263487,19.005172035208233,3,4.74174997144991
Miner_929,88.82028348763839,100.0,4,1.1304334858406628
Miner_930,60.82159747105513,60.555228965565504,4,4.44817546371686
Miner_931,15.541147403769955,53.51162809075046,3,2.353084659341806
Miner_932,52.52185369987481,13.091668624022617,4,2.2848256331931323
Miner_933,67.53439212438713,55.15149105386379,4,2.0562396292748946
Miner_934,64.20649515691184,37.670717033112936,2,5.124791847525194
Miner_935,27.743773114213326,4.676858491550718,1,3.7612857821290824
Miner_936,56.412687532254125,35.01438094776785,3,4.66342671418186
Miner_937,16.901033887727543,95.8274513362872,4,0.37279053049503547
Miner_938,63.76031140289319,66.57010496373584,3,2.2184381057072358
Miner_939,61.53235856026158,37.09292906018263,4,2.88290916477146
Miner_940,19.165073380476812,77.02092143688225,2,2.070728287550805
Miner_941,17.360086142216858,12.375365835153715,4,2.9290353221217686
Miner_942,77.68418501117299,48.37060920180909,2,5.502630332662317
Miner_943,30.887823396267706,63.33318106853878,2,0.9135010210597462
Miner_944,7.482676870300253,39.97077108870269,1,1.4498323282722443
Miner_945,100.0,65.02109431813619,4,0.25404212738392723
Miner_946,69.6145547329449,91.20900592576402,3,3.463014777924559
Miner_947,13.782257453758106,69.8729230667891,4,5.750391004752706
Miner_948,50.7819328647428,48.267819634362866,3,0.45446865972356076
Miner_949,43.9396912074948,70.64088921931926,2,5.549126237843737
Miner_950,12.225257134627839,80.32337307677085,1,2.8043956271081094
Miner_951,34.83050235492047,85.5494088968727,2,2.6818961786750437
Miner_952,81.4484843337462,32.40386228573385,3,5.978830033236544
Miner_953,78.36183853813048,26.33753761625485,1,3.570212172893982
Miner_954,80.20383081234388,100.0,3,2.074890058612349
Miner_955,9.385563419240839,82.99070340143743,2,1.5225822218100578
Miner_956,61.21362392631045,6.1795869279607345,4,3.8842879029639787
Miner_957,27.3170039980418,47.43937818496602,1,3.5423930742767182
Miner_958,100.0,40.74561742763942,1,5.964207975720856
Miner_959,45.793539044445254,68.36046650140456,4,2.6635646180794317
Miner_960,0.0,58.61567937342793,3,3.9151621606719123
Miner_961,43.914141623063756,86.02425715085622,2,0.5271035468322426
Miner_962,10.523454453996067,29.148334132701592,3,3.6509758272816124
Miner_963,69.82469633191988,90.53614166930123,4,1.3294156319728407
Miner_964,41.31024348075522,88.20627393465378,2,2.862187164484028
Miner_965,39.97437185059351,98.99997947492301,4,1.5723980868177245
Miner_966,64.01064849507628,0.0,1,4.191861442437744
Miner_967,47.015701829688254,12.708669177098123,4,3.097286335525618
Miner_968,72.8023655919763,39.145749294664625,1,5.488614936299267
Miner_969,1.3935494420587275,20.4181056784944,4,2.5875474186513667
Miner_970,45.37479428524398,36.30947241202625,1,3.5779400114779367
Miner_971,75.39460452369474,75.97706063141487,2,1.646543174551639
Miner_972,63.83217688073631,100.0,2,2.451171536460561
Miner_973,0.0,9.443126930749349,3,4.439783847034227
Miner_974,94.99843963526428,13.888283917238937,1,6.255252654300978
Miner_975,8.001887963703481,25.21285573630186,3,3.1238537452655737
Miner_976,27.495093065023447,55.11922283334263,4,2.3732403058807345
Miner_977,42.4692098103898,67.0088738634895,1,5.7621463065861676
Miner_978,86.91832370258771,33.60230184934818,3,6.166445483232892
Miner_979,34.082251877725554,76.9802385423364,3,2.713628001683246
Miner_980,45.45331466514017,22.359141765842867,4,5.127544415331658
Miner_981,53.052346186637806,50.913673280198964,2,3.027133739174406
Miner_982,80.47730548347141,9.927539712461126,3,4.137718922293242
Miner_983,11.076089558518541,50.5170867117688,3,0.5741134121136641
Miner_984,86.82638457583187,70.46427404084909,4,4.953878342244756
Miner_985,100.0,80.46829817172915,2,0.59262132131734
Miner_986,97.97140816005185,38.00010218796925,1,4.705240959527406
Miner_987,38.11388314619924,95.51006522191028,4,0.8029079976396026
Miner_988,75.00001648772593,66.00000000003399,1,4.712393102316167
Miner_989,76.21608747302321,19.270618854601224,4,5.251654015473734
Miner_990,89.89384567700739,87.40738108402132,3,6.1500743237027935
Miner_991,55.30288407913824,27.951350112423412,4,1.9348549190108246
Miner_992,13.14435138309851,12.832813576473626,1,1.280654793373431
Miner_993,67.59940737553937,95.52192683395879,2,0.6007251951405614
Miner_994,69.26096474572421,97.76380937070206,4,1.7428333983951794
Miner_995,45.50493567164585,9.524512871986374,3,3.925837219138256
Miner_996,91.54088061535936,17.387330832613003,2,4.3999400446303785
Miner_997,20.592231038219154,48.05842072914686,4,1.9155719997994303
Miner_998,30.88770547392609,79.36217871390448,3,6.146272863033166
Miner_999,70.19039093420588,15.19871699106455,2,2.5890659629801513
Miner_1000,13.132543173120613,38.9389226315416,3,3.9973837021597984
